-- phpMyAdmin SQL Dump
-- version 4.7.4
-- https://www.phpmyadmin.net/
--
-- Host: 127.0.0.1
-- Generation Time: 24-Jan-2018 às 02:44
-- Versão do servidor: 10.1.30-MariaDB
-- PHP Version: 7.2.1

SET SQL_MODE = "NO_AUTO_VALUE_ON_ZERO";
SET AUTOCOMMIT = 0;
START TRANSACTION;
SET time_zone = "+00:00";


/*!40101 SET @OLD_CHARACTER_SET_CLIENT=@@CHARACTER_SET_CLIENT */;
/*!40101 SET @OLD_CHARACTER_SET_RESULTS=@@CHARACTER_SET_RESULTS */;
/*!40101 SET @OLD_COLLATION_CONNECTION=@@COLLATION_CONNECTION */;
/*!40101 SET NAMES utf8mb4 */;

--
-- Database: `pokemon`
--

-- --------------------------------------------------------

--
-- Estrutura da tabela `abilities`
--

CREATE TABLE `abilities` (
  `name` varchar(45) NOT NULL,
  `id_pokemon_fk` int(10) UNSIGNED NOT NULL
) ENGINE=InnoDB DEFAULT CHARSET=utf8;

--
-- Extraindo dados da tabela `abilities`
--

INSERT INTO `abilities` (`name`, `id_pokemon_fk`) VALUES
('chlorophyll', 1),
('overgrow', 1),
('chlorophyll', 2),
('overgrow', 2),
('solar-power', 4),
('blaze', 4),
('solar-power', 5),
('blaze', 5),
('solar-power', 6),
('blaze', 6),
('rain-dish', 8),
('torrent', 8),
('rain-dish', 9),
('torrent', 9),
('run-away', 10),
('shield-dust', 10),
('shed-skin', 11),
('tinted-lens', 12),
('compound-eyes', 12),
('run-away', 13),
('shield-dust', 13),
('shed-skin', 14),
('sniper', 15),
('swarm', 15),
('big-pecks', 16),
('tangled-feet', 16),
('keen-eye', 16),
('big-pecks', 17),
('tangled-feet', 17),
('keen-eye', 17);

-- --------------------------------------------------------

--
-- Estrutura da tabela `moves`
--

CREATE TABLE `moves` (
  `name` varchar(45) NOT NULL,
  `id_pokemon_fk` int(10) UNSIGNED NOT NULL
) ENGINE=InnoDB DEFAULT CHARSET=utf8;

--
-- Extraindo dados da tabela `moves`
--

INSERT INTO `moves` (`name`, `id_pokemon_fk`) VALUES
('razor-wind', 1),
('swords-dance', 1),
('cut', 1),
('bind', 1),
('vine-whip', 1),
('headbutt', 1),
('tackle', 1),
('body-slam', 1),
('take-down', 1),
('double-edge', 1),
('growl', 1),
('strength', 1),
('mega-drain', 1),
('leech-seed', 1),
('growth', 1),
('razor-leaf', 1),
('solar-beam', 1),
('poison-powder', 1),
('sleep-powder', 1),
('petal-dance', 1),
('string-shot', 1),
('toxic', 1),
('rage', 1),
('mimic', 1),
('double-team', 1),
('defense-curl', 1),
('light-screen', 1),
('reflect', 1),
('bide', 1),
('sludge', 1),
('skull-bash', 1),
('amnesia', 1),
('flash', 1),
('rest', 1),
('substitute', 1),
('snore', 1),
('curse', 1),
('protect', 1),
('sludge-bomb', 1),
('mud-slap', 1),
('giga-drain', 1),
('endure', 1),
('charm', 1),
('swagger', 1),
('fury-cutter', 1),
('attract', 1),
('sleep-talk', 1),
('return', 1),
('frustration', 1),
('safeguard', 1),
('sweet-scent', 1),
('synthesis', 1),
('hidden-power', 1),
('sunny-day', 1),
('rock-smash', 1),
('facade', 1),
('nature-power', 1),
('ingrain', 1),
('knock-off', 1),
('secret-power', 1),
('grass-whistle', 1),
('bullet-seed', 1),
('magical-leaf', 1),
('natural-gift', 1),
('worry-seed', 1),
('seed-bomb', 1),
('energy-ball', 1),
('leaf-storm', 1),
('power-whip', 1),
('captivate', 1),
('grass-knot', 1),
('venoshock', 1),
('round', 1),
('echoed-voice', 1),
('grass-pledge', 1),
('work-up', 1),
('grassy-terrain', 1),
('confide', 1),
('swords-dance', 2),
('cut', 2),
('bind', 2),
('vine-whip', 2),
('headbutt', 2),
('tackle', 2),
('body-slam', 2),
('take-down', 2),
('double-edge', 2),
('growl', 2),
('strength', 2),
('mega-drain', 2),
('leech-seed', 2),
('growth', 2),
('razor-leaf', 2),
('solar-beam', 2),
('poison-powder', 2),
('sleep-powder', 2),
('string-shot', 2),
('toxic', 2),
('rage', 2),
('mimic', 2),
('double-team', 2),
('defense-curl', 2),
('light-screen', 2),
('reflect', 2),
('bide', 2),
('flash', 2),
('rest', 2),
('substitute', 2),
('snore', 2),
('curse', 2),
('protect', 2),
('sludge-bomb', 2),
('mud-slap', 2),
('giga-drain', 2),
('endure', 2),
('swagger', 2),
('fury-cutter', 2),
('attract', 2),
('sleep-talk', 2),
('return', 2),
('frustration', 2),
('safeguard', 2),
('sweet-scent', 2),
('synthesis', 2),
('hidden-power', 2),
('sunny-day', 2),
('rock-smash', 2),
('facade', 2),
('nature-power', 2),
('knock-off', 2),
('secret-power', 2),
('bullet-seed', 2),
('natural-gift', 2),
('worry-seed', 2),
('seed-bomb', 2),
('energy-ball', 2),
('captivate', 2),
('grass-knot', 2),
('venoshock', 2),
('round', 2),
('echoed-voice', 2),
('grass-pledge', 2),
('work-up', 2),
('confide', 2),
('mega-punch', 4),
('fire-punch', 4),
('thunder-punch', 4),
('scratch', 4),
('swords-dance', 4),
('cut', 4),
('mega-kick', 4),
('headbutt', 4),
('body-slam', 4),
('take-down', 4),
('double-edge', 4),
('leer', 4),
('bite', 4),
('growl', 4),
('ember', 4),
('flamethrower', 4),
('submission', 4),
('counter', 4),
('seismic-toss', 4),
('strength', 4),
('dragon-rage', 4),
('fire-spin', 4),
('dig', 4),
('toxic', 4),
('rage', 4),
('mimic', 4),
('double-team', 4),
('smokescreen', 4),
('defense-curl', 4),
('reflect', 4),
('bide', 4),
('fire-blast', 4),
('swift', 4),
('skull-bash', 4),
('rest', 4),
('rock-slide', 4),
('slash', 4),
('substitute', 4),
('snore', 4),
('curse', 4),
('protect', 4),
('scary-face', 4),
('belly-drum', 4),
('mud-slap', 4),
('outrage', 4),
('endure', 4),
('swagger', 4),
('fury-cutter', 4),
('attract', 4),
('sleep-talk', 4),
('return', 4),
('frustration', 4),
('dynamic-punch', 4),
('dragon-breath', 4),
('iron-tail', 4),
('metal-claw', 4),
('hidden-power', 4),
('sunny-day', 4),
('crunch', 4),
('ancient-power', 4),
('rock-smash', 4),
('beat-up', 4),
('heat-wave', 4),
('will-o-wisp', 4),
('facade', 4),
('focus-punch', 4),
('brick-break', 4),
('secret-power', 4),
('air-cutter', 4),
('overheat', 4),
('rock-tomb', 4),
('aerial-ace', 4),
('dragon-claw', 4),
('dragon-dance', 4),
('natural-gift', 4),
('fling', 4),
('flare-blitz', 4),
('dragon-pulse', 4),
('dragon-rush', 4),
('shadow-claw', 4),
('fire-fang', 4),
('captivate', 4),
('hone-claws', 4),
('flame-burst', 4),
('flame-charge', 4),
('round', 4),
('echoed-voice', 4),
('incinerate', 4),
('inferno', 4),
('fire-pledge', 4),
('work-up', 4),
('confide', 4),
('power-up-punch', 4),
('mega-punch', 5),
('fire-punch', 5),
('thunder-punch', 5),
('scratch', 5),
('swords-dance', 5),
('cut', 5),
('mega-kick', 5),
('headbutt', 5),
('body-slam', 5),
('take-down', 5),
('double-edge', 5),
('leer', 5),
('growl', 5),
('ember', 5),
('flamethrower', 5),
('submission', 5),
('counter', 5),
('seismic-toss', 5),
('strength', 5),
('dragon-rage', 5),
('fire-spin', 5),
('dig', 5),
('toxic', 5),
('rage', 5),
('mimic', 5),
('double-team', 5),
('smokescreen', 5),
('defense-curl', 5),
('reflect', 5),
('bide', 5),
('fire-blast', 5),
('swift', 5),
('skull-bash', 5),
('rest', 5),
('rock-slide', 5),
('slash', 5),
('substitute', 5),
('snore', 5),
('curse', 5),
('protect', 5),
('scary-face', 5),
('mud-slap', 5),
('outrage', 5),
('endure', 5),
('swagger', 5),
('fury-cutter', 5),
('attract', 5),
('sleep-talk', 5),
('return', 5),
('frustration', 5),
('dynamic-punch', 5),
('dragon-breath', 5),
('iron-tail', 5),
('metal-claw', 5),
('hidden-power', 5),
('sunny-day', 5),
('rock-smash', 5),
('heat-wave', 5),
('will-o-wisp', 5),
('facade', 5),
('focus-punch', 5),
('brick-break', 5),
('secret-power', 5),
('overheat', 5),
('rock-tomb', 5),
('aerial-ace', 5),
('dragon-claw', 5),
('natural-gift', 5),
('fling', 5),
('dragon-pulse', 5),
('shadow-claw', 5),
('fire-fang', 5),
('captivate', 5),
('hone-claws', 5),
('flame-burst', 5),
('flame-charge', 5),
('round', 5),
('echoed-voice', 5),
('incinerate', 5),
('inferno', 5),
('fire-pledge', 5),
('work-up', 5),
('confide', 5),
('power-up-punch', 5),
('mega-punch', 6),
('fire-punch', 6),
('thunder-punch', 6),
('scratch', 6),
('swords-dance', 6),
('cut', 6),
('wing-attack', 6),
('fly', 6),
('mega-kick', 6),
('headbutt', 6),
('body-slam', 6),
('take-down', 6),
('double-edge', 6),
('leer', 6),
('growl', 6),
('roar', 6),
('ember', 6),
('flamethrower', 6),
('hyper-beam', 6),
('submission', 6),
('counter', 6),
('seismic-toss', 6),
('strength', 6),
('solar-beam', 6),
('dragon-rage', 6),
('fire-spin', 6),
('earthquake', 6),
('fissure', 6),
('dig', 6),
('toxic', 6),
('rage', 6),
('mimic', 6),
('double-team', 6),
('smokescreen', 6),
('defense-curl', 6),
('reflect', 6),
('bide', 6),
('fire-blast', 6),
('swift', 6),
('skull-bash', 6),
('rest', 6),
('rock-slide', 6),
('slash', 6),
('substitute', 6),
('snore', 6),
('curse', 6),
('protect', 6),
('scary-face', 6),
('mud-slap', 6),
('outrage', 6),
('sandstorm', 6),
('endure', 6),
('swagger', 6),
('fury-cutter', 6),
('steel-wing', 6),
('attract', 6),
('sleep-talk', 6),
('return', 6),
('frustration', 6),
('dynamic-punch', 6),
('dragon-breath', 6),
('iron-tail', 6),
('metal-claw', 6),
('hidden-power', 6),
('twister', 6),
('sunny-day', 6),
('rock-smash', 6),
('heat-wave', 6),
('will-o-wisp', 6),
('facade', 6),
('focus-punch', 6),
('brick-break', 6),
('secret-power', 6),
('blast-burn', 6),
('air-cutter', 6),
('overheat', 6),
('rock-tomb', 6),
('aerial-ace', 6),
('dragon-claw', 6),
('roost', 6),
('natural-gift', 6),
('tailwind', 6),
('fling', 6),
('flare-blitz', 6),
('air-slash', 6),
('dragon-pulse', 6),
('focus-blast', 6),
('giga-impact', 6),
('shadow-claw', 6),
('fire-fang', 6),
('defog', 6),
('captivate', 6),
('ominous-wind', 6),
('hone-claws', 6),
('flame-burst', 6),
('flame-charge', 6),
('round', 6),
('echoed-voice', 6),
('sky-drop', 6),
('incinerate', 6),
('inferno', 6),
('fire-pledge', 6),
('bulldoze', 6),
('dragon-tail', 6),
('work-up', 6),
('confide', 6),
('power-up-punch', 6),
('brutal-swing', 6),
('mega-punch', 8),
('ice-punch', 8),
('mega-kick', 8),
('headbutt', 8),
('tackle', 8),
('body-slam', 8),
('take-down', 8),
('double-edge', 8),
('tail-whip', 8),
('bite', 8),
('water-gun', 8),
('hydro-pump', 8),
('surf', 8),
('ice-beam', 8),
('blizzard', 8),
('bubble-beam', 8),
('submission', 8),
('counter', 8),
('seismic-toss', 8),
('strength', 8),
('dig', 8),
('toxic', 8),
('rage', 8),
('mimic', 8),
('double-team', 8),
('withdraw', 8),
('defense-curl', 8),
('reflect', 8),
('bide', 8),
('waterfall', 8),
('skull-bash', 8),
('bubble', 8),
('rest', 8),
('substitute', 8),
('snore', 8),
('curse', 8),
('protect', 8),
('mud-slap', 8),
('icy-wind', 8),
('endure', 8),
('rollout', 8),
('swagger', 8),
('attract', 8),
('sleep-talk', 8),
('return', 8),
('frustration', 8),
('dynamic-punch', 8),
('rapid-spin', 8),
('iron-tail', 8),
('hidden-power', 8),
('rain-dance', 8),
('rock-smash', 8),
('whirlpool', 8),
('hail', 8),
('facade', 8),
('focus-punch', 8),
('brick-break', 8),
('secret-power', 8),
('dive', 8),
('rock-tomb', 8),
('iron-defense', 8),
('water-pulse', 8),
('gyro-ball', 8),
('brine', 8),
('natural-gift', 8),
('fling', 8),
('aqua-tail', 8),
('dragon-pulse', 8),
('zen-headbutt', 8),
('captivate', 8),
('round', 8),
('scald', 8),
('water-pledge', 8),
('work-up', 8),
('confide', 8),
('power-up-punch', 8),
('mega-punch', 9),
('ice-punch', 9),
('mega-kick', 9),
('headbutt', 9),
('tackle', 9),
('body-slam', 9),
('take-down', 9),
('double-edge', 9),
('tail-whip', 9),
('bite', 9),
('roar', 9),
('water-gun', 9),
('hydro-pump', 9),
('surf', 9),
('ice-beam', 9),
('blizzard', 9),
('bubble-beam', 9),
('hyper-beam', 9),
('submission', 9),
('counter', 9),
('seismic-toss', 9),
('strength', 9),
('earthquake', 9),
('fissure', 9),
('dig', 9),
('toxic', 9),
('rage', 9),
('mimic', 9),
('double-team', 9),
('withdraw', 9),
('defense-curl', 9),
('reflect', 9),
('bide', 9),
('waterfall', 9),
('skull-bash', 9),
('bubble', 9),
('rest', 9),
('rock-slide', 9),
('substitute', 9),
('snore', 9),
('curse', 9),
('protect', 9),
('mud-slap', 9),
('icy-wind', 9),
('outrage', 9),
('endure', 9),
('rollout', 9),
('swagger', 9),
('attract', 9),
('sleep-talk', 9),
('return', 9),
('frustration', 9),
('dynamic-punch', 9),
('rapid-spin', 9),
('iron-tail', 9),
('hidden-power', 9),
('rain-dance', 9),
('rock-smash', 9),
('whirlpool', 9),
('hail', 9),
('facade', 9),
('focus-punch', 9),
('brick-break', 9),
('secret-power', 9),
('dive', 9),
('hydro-cannon', 9),
('rock-tomb', 9),
('signal-beam', 9),
('iron-defense', 9),
('water-pulse', 9),
('gyro-ball', 9),
('brine', 9),
('natural-gift', 9),
('fling', 9),
('dark-pulse', 9),
('aqua-tail', 9),
('dragon-pulse', 9),
('focus-blast', 9),
('giga-impact', 9),
('avalanche', 9),
('zen-headbutt', 9),
('flash-cannon', 9),
('rock-climb', 9),
('captivate', 9),
('smack-down', 9),
('round', 9),
('scald', 9),
('water-pledge', 9),
('bulldoze', 9),
('dragon-tail', 9),
('work-up', 9),
('confide', 9),
('power-up-punch', 9),
('tackle', 10),
('string-shot', 10),
('snore', 10),
('bug-bite', 10),
('electroweb', 10),
('string-shot', 11),
('harden', 11),
('iron-defense', 11),
('bug-bite', 11),
('electroweb', 11),
('razor-wind', 12),
('gust', 12),
('whirlwind', 12),
('take-down', 12),
('double-edge', 12),
('supersonic', 12),
('psybeam', 12),
('hyper-beam', 12),
('mega-drain', 12),
('solar-beam', 12),
('poison-powder', 12),
('stun-spore', 12),
('sleep-powder', 12),
('string-shot', 12),
('toxic', 12),
('confusion', 12),
('psychic', 12),
('rage', 12),
('teleport', 12),
('mimic', 12),
('double-team', 12),
('reflect', 12),
('bide', 12),
('swift', 12),
('dream-eater', 12),
('flash', 12),
('psywave', 12),
('rest', 12),
('substitute', 12),
('thief', 12),
('nightmare', 12),
('snore', 12),
('curse', 12),
('protect', 12),
('giga-drain', 12),
('endure', 12),
('swagger', 12),
('attract', 12),
('sleep-talk', 12),
('return', 12),
('frustration', 12),
('safeguard', 12),
('sweet-scent', 12),
('hidden-power', 12),
('twister', 12),
('rain-dance', 12),
('sunny-day', 12),
('psych-up', 12),
('shadow-ball', 12),
('facade', 12),
('skill-swap', 12),
('secret-power', 12),
('air-cutter', 12),
('silver-wind', 12),
('signal-beam', 12),
('aerial-ace', 12),
('roost', 12),
('natural-gift', 12),
('tailwind', 12),
('u-turn', 12),
('air-slash', 12),
('bug-buzz', 12),
('energy-ball', 12),
('giga-impact', 12),
('defog', 12),
('captivate', 12),
('bug-bite', 12),
('ominous-wind', 12),
('venoshock', 12),
('rage-powder', 12),
('quiver-dance', 12),
('round', 12),
('acrobatics', 12),
('struggle-bug', 12),
('electroweb', 12),
('confide', 12),
('infestation', 12),
('poison-sting', 13),
('string-shot', 13),
('bug-bite', 13),
('electroweb', 13),
('string-shot', 14),
('harden', 14),
('iron-defense', 14),
('bug-bite', 14),
('electroweb', 14),
('swords-dance', 15),
('cut', 15),
('fury-attack', 15),
('take-down', 15),
('double-edge', 15),
('twineedle', 15),
('pin-missile', 15),
('hyper-beam', 15),
('mega-drain', 15),
('solar-beam', 15),
('string-shot', 15),
('toxic', 15),
('agility', 15),
('rage', 15),
('mimic', 15),
('double-team', 15),
('reflect', 15),
('focus-energy', 15),
('bide', 15),
('swift', 15),
('skull-bash', 15),
('flash', 15),
('rest', 15),
('substitute', 15),
('thief', 15),
('snore', 15),
('curse', 15),
('protect', 15),
('sludge-bomb', 15),
('giga-drain', 15),
('endure', 15),
('false-swipe', 15),
('swagger', 15),
('fury-cutter', 15),
('attract', 15),
('sleep-talk', 15),
('return', 15),
('frustration', 15),
('pursuit', 15),
('sweet-scent', 15),
('hidden-power', 15),
('sunny-day', 15),
('rock-smash', 15),
('facade', 15),
('brick-break', 15),
('knock-off', 15),
('endeavor', 15),
('secret-power', 15),
('air-cutter', 15),
('silver-wind', 15),
('aerial-ace', 15),
('roost', 15),
('natural-gift', 15),
('tailwind', 15),
('u-turn', 15),
('payback', 15),
('assurance', 15),
('toxic-spikes', 15),
('poison-jab', 15),
('x-scissor', 15),
('giga-impact', 15),
('defog', 15),
('captivate', 15),
('bug-bite', 15),
('ominous-wind', 15),
('venoshock', 15),
('round', 15),
('acrobatics', 15),
('struggle-bug', 15),
('electroweb', 15),
('drill-run', 15),
('fell-stinger', 15),
('confide', 15),
('infestation', 15),
('brutal-swing', 15),
('razor-wind', 16),
('gust', 16),
('wing-attack', 16),
('whirlwind', 16),
('fly', 16),
('sand-attack', 16),
('tackle', 16),
('take-down', 16),
('double-edge', 16),
('toxic', 16),
('agility', 16),
('quick-attack', 16),
('rage', 16),
('mimic', 16),
('double-team', 16),
('reflect', 16),
('bide', 16),
('mirror-move', 16),
('swift', 16),
('sky-attack', 16),
('rest', 16),
('substitute', 16),
('thief', 16),
('snore', 16),
('curse', 16),
('protect', 16),
('feint-attack', 16),
('mud-slap', 16),
('foresight', 16),
('detect', 16),
('endure', 16),
('swagger', 16),
('steel-wing', 16),
('attract', 16),
('sleep-talk', 16),
('return', 16),
('frustration', 16),
('pursuit', 16),
('hidden-power', 16),
('twister', 16),
('rain-dance', 16),
('sunny-day', 16),
('uproar', 16),
('heat-wave', 16),
('facade', 16),
('secret-power', 16),
('feather-dance', 16),
('air-cutter', 16),
('aerial-ace', 16),
('roost', 16),
('natural-gift', 16),
('pluck', 16),
('tailwind', 16),
('u-turn', 16),
('air-slash', 16),
('brave-bird', 16),
('defog', 16),
('captivate', 16),
('ominous-wind', 16),
('round', 16),
('work-up', 16),
('hurricane', 16),
('confide', 16),
('razor-wind', 17),
('gust', 17),
('wing-attack', 17),
('whirlwind', 17),
('fly', 17),
('sand-attack', 17),
('tackle', 17),
('take-down', 17),
('double-edge', 17),
('toxic', 17),
('agility', 17),
('quick-attack', 17),
('rage', 17),
('mimic', 17),
('double-team', 17),
('reflect', 17),
('bide', 17),
('mirror-move', 17),
('swift', 17),
('sky-attack', 17),
('rest', 17),
('substitute', 17),
('thief', 17),
('snore', 17),
('curse', 17),
('protect', 17),
('mud-slap', 17),
('detect', 17),
('endure', 17),
('swagger', 17),
('steel-wing', 17),
('attract', 17),
('sleep-talk', 17),
('return', 17),
('frustration', 17),
('hidden-power', 17),
('twister', 17),
('rain-dance', 17),
('sunny-day', 17),
('uproar', 17),
('heat-wave', 17),
('facade', 17),
('secret-power', 17),
('feather-dance', 17),
('air-cutter', 17),
('aerial-ace', 17),
('roost', 17),
('natural-gift', 17),
('pluck', 17),
('tailwind', 17),
('u-turn', 17),
('air-slash', 17),
('defog', 17),
('captivate', 17),
('ominous-wind', 17),
('round', 17),
('work-up', 17),
('hurricane', 17),
('confide', 17);

-- --------------------------------------------------------

--
-- Estrutura da tabela `pokemon`
--

CREATE TABLE `pokemon` (
  `id` int(10) UNSIGNED NOT NULL,
  `name` varchar(45) NOT NULL,
  `weight` int(11) NOT NULL,
  `base_experience` int(11) NOT NULL
) ENGINE=InnoDB DEFAULT CHARSET=utf8;

--
-- Extraindo dados da tabela `pokemon`
--

INSERT INTO `pokemon` (`id`, `name`, `weight`, `base_experience`) VALUES
(1, 'bulbasaur', 69, 64),
(2, 'ivysaur', 130, 142),
(4, 'charmander', 85, 62),
(5, 'charmeleon', 190, 142),
(6, 'charizard', 905, 240),
(8, 'wartortle', 225, 142),
(9, 'blastoise', 855, 239),
(10, 'caterpie', 29, 39),
(11, 'metapod', 99, 72),
(12, 'butterfree', 320, 178),
(13, 'weedle', 32, 39),
(14, 'kakuna', 100, 72),
(15, 'beedrill', 295, 178),
(16, 'pidgey', 18, 50),
(17, 'pidgeotto', 300, 122);

-- --------------------------------------------------------

--
-- Estrutura da tabela `sprites`
--

CREATE TABLE `sprites` (
  `name` varchar(45) NOT NULL,
  `url` varchar(100) NOT NULL,
  `id_pokemon_fk` int(10) UNSIGNED NOT NULL
) ENGINE=InnoDB DEFAULT CHARSET=utf8;

--
-- Extraindo dados da tabela `sprites`
--

INSERT INTO `sprites` (`name`, `url`, `id_pokemon_fk`) VALUES
('back_female', '', 1),
('back_shiny_female', '', 1),
('back_default', 'https://raw.githubusercontent.com/PokeAPI/sprites/master/sprites/pokemon/back/1.png', 1),
('front_female', '', 1),
('front_shiny_female', '', 1),
('back_shiny', 'https://raw.githubusercontent.com/PokeAPI/sprites/master/sprites/pokemon/back/shiny/1.png', 1),
('front_default', 'https://raw.githubusercontent.com/PokeAPI/sprites/master/sprites/pokemon/1.png', 1),
('front_shiny', 'https://raw.githubusercontent.com/PokeAPI/sprites/master/sprites/pokemon/shiny/1.png', 1),
('back_female', '', 2),
('back_shiny_female', '', 2),
('back_default', 'https://raw.githubusercontent.com/PokeAPI/sprites/master/sprites/pokemon/back/2.png', 2),
('front_female', '', 2),
('front_shiny_female', '', 2),
('back_shiny', 'https://raw.githubusercontent.com/PokeAPI/sprites/master/sprites/pokemon/back/shiny/2.png', 2),
('front_default', 'https://raw.githubusercontent.com/PokeAPI/sprites/master/sprites/pokemon/2.png', 2),
('front_shiny', 'https://raw.githubusercontent.com/PokeAPI/sprites/master/sprites/pokemon/shiny/2.png', 2),
('back_female', '', 4),
('back_shiny_female', '', 4),
('back_default', 'https://raw.githubusercontent.com/PokeAPI/sprites/master/sprites/pokemon/back/4.png', 4),
('front_female', '', 4),
('front_shiny_female', '', 4),
('back_shiny', 'https://raw.githubusercontent.com/PokeAPI/sprites/master/sprites/pokemon/back/shiny/4.png', 4),
('front_default', 'https://raw.githubusercontent.com/PokeAPI/sprites/master/sprites/pokemon/4.png', 4),
('front_shiny', 'https://raw.githubusercontent.com/PokeAPI/sprites/master/sprites/pokemon/shiny/4.png', 4),
('back_female', '', 5),
('back_shiny_female', '', 5),
('back_default', 'https://raw.githubusercontent.com/PokeAPI/sprites/master/sprites/pokemon/back/5.png', 5),
('front_female', '', 5),
('front_shiny_female', '', 5),
('back_shiny', 'https://raw.githubusercontent.com/PokeAPI/sprites/master/sprites/pokemon/back/shiny/5.png', 5),
('front_default', 'https://raw.githubusercontent.com/PokeAPI/sprites/master/sprites/pokemon/5.png', 5),
('front_shiny', 'https://raw.githubusercontent.com/PokeAPI/sprites/master/sprites/pokemon/shiny/5.png', 5),
('back_female', '', 6),
('back_shiny_female', '', 6),
('back_default', 'https://raw.githubusercontent.com/PokeAPI/sprites/master/sprites/pokemon/back/6.png', 6),
('front_female', '', 6),
('front_shiny_female', '', 6),
('back_shiny', 'https://raw.githubusercontent.com/PokeAPI/sprites/master/sprites/pokemon/back/shiny/6.png', 6),
('front_default', 'https://raw.githubusercontent.com/PokeAPI/sprites/master/sprites/pokemon/6.png', 6),
('front_shiny', 'https://raw.githubusercontent.com/PokeAPI/sprites/master/sprites/pokemon/shiny/6.png', 6),
('back_female', '', 8),
('back_shiny_female', '', 8),
('back_default', 'https://raw.githubusercontent.com/PokeAPI/sprites/master/sprites/pokemon/back/8.png', 8),
('front_female', '', 8),
('front_shiny_female', '', 8),
('back_shiny', 'https://raw.githubusercontent.com/PokeAPI/sprites/master/sprites/pokemon/back/shiny/8.png', 8),
('front_default', 'https://raw.githubusercontent.com/PokeAPI/sprites/master/sprites/pokemon/8.png', 8),
('front_shiny', 'https://raw.githubusercontent.com/PokeAPI/sprites/master/sprites/pokemon/shiny/8.png', 8),
('back_female', '', 9),
('back_shiny_female', '', 9),
('back_default', 'https://raw.githubusercontent.com/PokeAPI/sprites/master/sprites/pokemon/back/9.png', 9),
('front_female', '', 9),
('front_shiny_female', '', 9),
('back_shiny', 'https://raw.githubusercontent.com/PokeAPI/sprites/master/sprites/pokemon/back/shiny/9.png', 9),
('front_default', 'https://raw.githubusercontent.com/PokeAPI/sprites/master/sprites/pokemon/9.png', 9),
('front_shiny', 'https://raw.githubusercontent.com/PokeAPI/sprites/master/sprites/pokemon/shiny/9.png', 9),
('back_female', '', 10),
('back_shiny_female', '', 10),
('back_default', 'https://raw.githubusercontent.com/PokeAPI/sprites/master/sprites/pokemon/back/10.png', 10),
('front_female', '', 10),
('front_shiny_female', '', 10),
('back_shiny', 'https://raw.githubusercontent.com/PokeAPI/sprites/master/sprites/pokemon/back/shiny/10.png', 10),
('front_default', 'https://raw.githubusercontent.com/PokeAPI/sprites/master/sprites/pokemon/10.png', 10),
('front_shiny', 'https://raw.githubusercontent.com/PokeAPI/sprites/master/sprites/pokemon/shiny/10.png', 10),
('back_female', '', 11),
('back_shiny_female', '', 11),
('back_default', 'https://raw.githubusercontent.com/PokeAPI/sprites/master/sprites/pokemon/back/11.png', 11),
('front_female', '', 11),
('front_shiny_female', '', 11),
('back_shiny', 'https://raw.githubusercontent.com/PokeAPI/sprites/master/sprites/pokemon/back/shiny/11.png', 11),
('front_default', 'https://raw.githubusercontent.com/PokeAPI/sprites/master/sprites/pokemon/11.png', 11),
('front_shiny', 'https://raw.githubusercontent.com/PokeAPI/sprites/master/sprites/pokemon/shiny/11.png', 11),
('back_female', 'https://raw.githubusercontent.com/PokeAPI/sprites/master/sprites/pokemon/back/female/12.png', 12),
('back_shiny_female', 'https://raw.githubusercontent.com/PokeAPI/sprites/master/sprites/pokemon/back/shiny/female/12.png', 12),
('back_default', 'https://raw.githubusercontent.com/PokeAPI/sprites/master/sprites/pokemon/back/12.png', 12),
('front_female', 'https://raw.githubusercontent.com/PokeAPI/sprites/master/sprites/pokemon/female/12.png', 12),
('front_shiny_female', 'https://raw.githubusercontent.com/PokeAPI/sprites/master/sprites/pokemon/shiny/female/12.png', 12),
('back_shiny', 'https://raw.githubusercontent.com/PokeAPI/sprites/master/sprites/pokemon/back/shiny/12.png', 12),
('front_default', 'https://raw.githubusercontent.com/PokeAPI/sprites/master/sprites/pokemon/12.png', 12),
('front_shiny', 'https://raw.githubusercontent.com/PokeAPI/sprites/master/sprites/pokemon/shiny/12.png', 12),
('back_female', '', 13),
('back_shiny_female', '', 13),
('back_default', 'https://raw.githubusercontent.com/PokeAPI/sprites/master/sprites/pokemon/back/13.png', 13),
('front_female', '', 13),
('front_shiny_female', '', 13),
('back_shiny', 'https://raw.githubusercontent.com/PokeAPI/sprites/master/sprites/pokemon/back/shiny/13.png', 13),
('front_default', 'https://raw.githubusercontent.com/PokeAPI/sprites/master/sprites/pokemon/13.png', 13),
('front_shiny', 'https://raw.githubusercontent.com/PokeAPI/sprites/master/sprites/pokemon/shiny/13.png', 13),
('back_female', '', 14),
('back_shiny_female', '', 14),
('back_default', 'https://raw.githubusercontent.com/PokeAPI/sprites/master/sprites/pokemon/back/14.png', 14),
('front_female', '', 14),
('front_shiny_female', '', 14),
('back_shiny', 'https://raw.githubusercontent.com/PokeAPI/sprites/master/sprites/pokemon/back/shiny/14.png', 14),
('front_default', 'https://raw.githubusercontent.com/PokeAPI/sprites/master/sprites/pokemon/14.png', 14),
('front_shiny', 'https://raw.githubusercontent.com/PokeAPI/sprites/master/sprites/pokemon/shiny/14.png', 14),
('back_female', '', 15),
('back_shiny_female', '', 15),
('back_default', 'https://raw.githubusercontent.com/PokeAPI/sprites/master/sprites/pokemon/back/15.png', 15),
('front_female', '', 15),
('front_shiny_female', '', 15),
('back_shiny', 'https://raw.githubusercontent.com/PokeAPI/sprites/master/sprites/pokemon/back/shiny/15.png', 15),
('front_default', 'https://raw.githubusercontent.com/PokeAPI/sprites/master/sprites/pokemon/15.png', 15),
('front_shiny', 'https://raw.githubusercontent.com/PokeAPI/sprites/master/sprites/pokemon/shiny/15.png', 15),
('back_female', '', 16),
('back_shiny_female', '', 16),
('back_default', 'https://raw.githubusercontent.com/PokeAPI/sprites/master/sprites/pokemon/back/16.png', 16),
('front_female', '', 16),
('front_shiny_female', '', 16),
('back_shiny', 'https://raw.githubusercontent.com/PokeAPI/sprites/master/sprites/pokemon/back/shiny/16.png', 16),
('front_default', 'https://raw.githubusercontent.com/PokeAPI/sprites/master/sprites/pokemon/16.png', 16),
('front_shiny', 'https://raw.githubusercontent.com/PokeAPI/sprites/master/sprites/pokemon/shiny/16.png', 16),
('back_female', '', 17),
('back_shiny_female', '', 17),
('back_default', 'https://raw.githubusercontent.com/PokeAPI/sprites/master/sprites/pokemon/back/17.png', 17),
('front_female', '', 17),
('front_shiny_female', '', 17),
('back_shiny', 'https://raw.githubusercontent.com/PokeAPI/sprites/master/sprites/pokemon/back/shiny/17.png', 17),
('front_default', 'https://raw.githubusercontent.com/PokeAPI/sprites/master/sprites/pokemon/17.png', 17),
('front_shiny', 'https://raw.githubusercontent.com/PokeAPI/sprites/master/sprites/pokemon/shiny/17.png', 17);

-- --------------------------------------------------------

--
-- Estrutura da tabela `stats`
--

CREATE TABLE `stats` (
  `name` varchar(45) NOT NULL,
  `base_stat` int(11) NOT NULL,
  `id_pokemon_fk` int(10) UNSIGNED NOT NULL
) ENGINE=InnoDB DEFAULT CHARSET=utf8;

--
-- Extraindo dados da tabela `stats`
--

INSERT INTO `stats` (`name`, `base_stat`, `id_pokemon_fk`) VALUES
('speed', 45, 1),
('special-defense', 65, 1),
('special-attack', 65, 1),
('defense', 49, 1),
('attack', 49, 1),
('hp', 45, 1),
('speed', 60, 2),
('special-defense', 80, 2),
('special-attack', 80, 2),
('defense', 63, 2),
('attack', 62, 2),
('hp', 60, 2),
('speed', 65, 4),
('special-defense', 50, 4),
('special-attack', 60, 4),
('defense', 43, 4),
('attack', 52, 4),
('hp', 39, 4),
('speed', 80, 5),
('special-defense', 65, 5),
('special-attack', 80, 5),
('defense', 58, 5),
('attack', 64, 5),
('hp', 58, 5),
('speed', 100, 6),
('special-defense', 85, 6),
('special-attack', 109, 6),
('defense', 78, 6),
('attack', 84, 6),
('hp', 78, 6),
('speed', 58, 8),
('special-defense', 80, 8),
('special-attack', 65, 8),
('defense', 80, 8),
('attack', 63, 8),
('hp', 59, 8),
('speed', 78, 9),
('special-defense', 105, 9),
('special-attack', 85, 9),
('defense', 100, 9),
('attack', 83, 9),
('hp', 79, 9),
('speed', 45, 10),
('special-defense', 20, 10),
('special-attack', 20, 10),
('defense', 35, 10),
('attack', 30, 10),
('hp', 45, 10),
('speed', 30, 11),
('special-defense', 25, 11),
('special-attack', 25, 11),
('defense', 55, 11),
('attack', 20, 11),
('hp', 50, 11),
('speed', 70, 12),
('special-defense', 80, 12),
('special-attack', 90, 12),
('defense', 50, 12),
('attack', 45, 12),
('hp', 60, 12),
('speed', 50, 13),
('special-defense', 20, 13),
('special-attack', 20, 13),
('defense', 30, 13),
('attack', 35, 13),
('hp', 40, 13),
('speed', 35, 14),
('special-defense', 25, 14),
('special-attack', 25, 14),
('defense', 50, 14),
('attack', 25, 14),
('hp', 45, 14),
('speed', 75, 15),
('special-defense', 80, 15),
('special-attack', 45, 15),
('defense', 40, 15),
('attack', 90, 15),
('hp', 65, 15),
('speed', 56, 16),
('special-defense', 35, 16),
('special-attack', 35, 16),
('defense', 40, 16),
('attack', 45, 16),
('hp', 40, 16),
('speed', 71, 17),
('special-defense', 50, 17),
('special-attack', 50, 17),
('defense', 55, 17),
('attack', 60, 17),
('hp', 63, 17);

--
-- Indexes for dumped tables
--

--
-- Indexes for table `abilities`
--
ALTER TABLE `abilities`
  ADD KEY `fk_abilities_pokemon1_idx` (`id_pokemon_fk`);

--
-- Indexes for table `moves`
--
ALTER TABLE `moves`
  ADD KEY `fk_moves_pokemon1_idx` (`id_pokemon_fk`);

--
-- Indexes for table `pokemon`
--
ALTER TABLE `pokemon`
  ADD PRIMARY KEY (`id`),
  ADD UNIQUE KEY `id_pokemon_UNIQUE` (`id`);

--
-- Indexes for table `sprites`
--
ALTER TABLE `sprites`
  ADD KEY `fk_sprites_pokemon1_idx` (`id_pokemon_fk`);

--
-- Indexes for table `stats`
--
ALTER TABLE `stats`
  ADD KEY `fk_stats_pokemon_idx` (`id_pokemon_fk`);

--
-- Constraints for dumped tables
--

--
-- Limitadores para a tabela `abilities`
--
ALTER TABLE `abilities`
  ADD CONSTRAINT `fk_abilities_pokemon1` FOREIGN KEY (`id_pokemon_fk`) REFERENCES `pokemon` (`id`) ON DELETE CASCADE ON UPDATE NO ACTION;

--
-- Limitadores para a tabela `moves`
--
ALTER TABLE `moves`
  ADD CONSTRAINT `fk_moves_pokemon1` FOREIGN KEY (`id_pokemon_fk`) REFERENCES `pokemon` (`id`) ON DELETE CASCADE ON UPDATE NO ACTION;

--
-- Limitadores para a tabela `sprites`
--
ALTER TABLE `sprites`
  ADD CONSTRAINT `fk_sprites_pokemon1` FOREIGN KEY (`id_pokemon_fk`) REFERENCES `pokemon` (`id`) ON DELETE CASCADE ON UPDATE NO ACTION;

--
-- Limitadores para a tabela `stats`
--
ALTER TABLE `stats`
  ADD CONSTRAINT `fk_stats_pokemon` FOREIGN KEY (`id_pokemon_fk`) REFERENCES `pokemon` (`id`) ON DELETE CASCADE ON UPDATE NO ACTION;
COMMIT;

/*!40101 SET CHARACTER_SET_CLIENT=@OLD_CHARACTER_SET_CLIENT */;
/*!40101 SET CHARACTER_SET_RESULTS=@OLD_CHARACTER_SET_RESULTS */;
/*!40101 SET COLLATION_CONNECTION=@OLD_COLLATION_CONNECTION */;
